"Rider","Pro_year","Points_as_neopro","heuristic"
"aaen jørgensen jonas",2010,349,0.169047619047619
"aasvold kristian",2020,16,0
"aberasturi jon",2013,134,0
"ackermann pascal",2017,1280,0.791666666666667
"ackermann silvere",2008,72,1
"acosta ruben dario",2019,3,0
"affini edoardo",2019,306,0.708333333333333
"agostini stefano",2012,79,0.7
"aguirre hernán ricardo",2017,329,0.5
"ahlstrand jonas",2013,84,0.5
"aït el abdia anass",2017,62,0
"alafaci eugenio",2014,79,0.5
"alaphilippe julian",2014,1201,0.333333333333333
"alba juan diego",2020,20,0.5
"albanese vincenzo",2017,69,0.777777777777778
"alberio tomas",2011,0,1.26666666666667
"alcaraz jose maría",2008,15,0
"aleotti giovanni",2021,NA,0.868055555555556
"allegaert piet",2017,78,0.242857142857143
"almeida joão",2018,172,0
"amador andrey",2009,143,0.333333333333333
"amezqueta julen",2016,113,0
"anacona winner",2012,173,0.861111111111111
"anderson edward",2018,4,0
"anderson ryan",2011,104,0
"andreetta simone",2015,74,1.03869047619048
"andreetta simone",2015,74,1.03869047619048
"andreetta simone",2015,74,1.03869047619048
"andreetta simone",2015,74,1.03869047619048
"aniolkowski stanislaw",2016,0,0.333333333333333
"antonini simone",2015,66,0
"aparicio mario",2021,NA,0
"apers ruben",2021,NA,0.2
"appollonio davide",2010,633,0.5
"aramendia javier",2008,76,0
"aranburu alex",2017,310,0
"ardila andrés camilo",2020,6,1
"aregger marcel",2013,54,0.0666666666666667
"arensman thymen",2020,80,0.276190476190476
"areruya joseph",2019,89,0
"arguelyes arkimedes",2011,9,0
"ariesen tim",2017,67,0
"aristi mikel",2016,70,0.1
"armirail bruno",2018,130,0
"arndt nikias",2013,406,0.5
"arslanov ildar",2015,44,0.133333333333333
"aru fabio",2012,368,0.75
"asgreen kasper",2019,1152,0.177777777777778
"atapuma darwin",2012,554,0.5
"augustyn john-lee",2007,194,0
"aular orluis",2020,35,0
"ávila edwin",2013,78,0
"ayazbayev maxat",2015,10,0.107142857142857
"ayuso juan",2021,NA,1.125
"azparren xabier mikel",2021,NA,0
"backaert frederik",2014,233,0
"bacquet fabien",2007,74,0
"baer michael",2011,24,0.0333333333333333
"baestaens vincent",2011,1,0
"baggio filippo",2010,68,0.333333333333333
"bagioli nicola",2017,158,0.333333333333333
"bagot yoann",2011,69,1
"baillifard valentin",2016,106,0.0666666666666667
"bais davide",2021,NA,0.270833333333333
"bakelants jan",2008,444,0.5
"ballarin iker",2020,NA,0
"ballerini davide",2017,532,0.428888888888889
"balloni alfredo",2010,25,0.838293650793651
"balykin ivan",2014,167,1.25
"banaszek adrian",2016,43,0.5
"banaszek alan",2016,201,0.333333333333333
"banaszek norbert",2016,9,0.333333333333333
"bandiera marco",2008,278,0.583333333333333
"barbero carlos",2015,580,0
"barbier pierre",2020,37,0.191666666666667
"barbin enrico",2013,169,0.85
"barceló fernando",2018,244,0
"bardet romain",2012,976,1.16904761904762
"barguil warren",2013,921,0.821428571428571
"barla luca",2008,46,0
"barrenetxea jon",2021,NA,0
"barta will",2018,58,0.698928571428571
"barthe cyril",2018,156,0
"barton chris",2010,0,0.2
"baška erik",2016,169,0.1
"bassett stephen",2020,1,0
"batek dariusz",2010,39,0
"battaglin enrico",2012,371,1.25555555555556
"battistella samuele",2020,83,0.5875
"baugnies jérôme",2010,241,0.790277777777778
"bauhaus phil",2015,300,0.333333333333333
"bayer tobias",2021,NA,0.1
"baylis tom",2016,36,0
"begnoni gianmarco",2020,NA,0
"behringer oliver",2019,0,0
"belda david",2007,29,0
"belgy julien",2007,76,0.166666666666667
"belkov maxim",2009,110,1.27261904761905
"bellemakers dirk",2008,37,0
"belletti manuel",2008,284,0.833333333333333
"bellicaud jeremy",2020,NA,0.2
"bellis jonathan",2009,29,0.591666666666667
"benedetti cesare",2011,122,0.583333333333333
"benhamouda mehdi",2016,1,0
"benito miguel ángel",2015,54,0.125
"bennett george",2012,232,0.583333333333333
"bennett sam",2014,875,0.333333333333333
"bennett sean",2019,96,0.285714285714286
"benoot tiesj",2015,1275,1.18452380952381
"bérard julien",2010,157,0.5
"berdos oleg",2010,60,0.642857142857143
"berhane natnael",2013,420,0
"berlato giacomo",2015,92,0.42
"bernal egan",2016,762,0
"bernard julien",2016,184,0
"berrade urko",2019,25,0
"bertazzo liam",2015,110,0.2
"bertazzo omar",2011,74,0
"bertolini thomas",2009,36,0.166666666666667
"bertrand jonathan",2009,13,0
"berwick sebastian",2021,NA,0.125
"bescond jérémy",2013,1,0.25
"bessy cyril",2009,63,0
"betancur carlos",2011,904,0.666666666666667
"bettiol alberto",2014,109,0.611111111111111
"beuret laurent",2008,158,0.666666666666667
"bevilacqua simone",2018,37,0.0476190476190476
"bewley sam",2010,22,0
"beyer chad",2009,7,0
"bico nuno",2018,43,0.0714285714285714
"bidard françois",2016,92,0.0833333333333333
"biermans jenthe",2017,129,0.595238095238095
"bilbao pello",2011,190,0
"bisolti alessandro",2007,35,1
"bissegger stefan",2020,145,0.609444444444444
"bjerg mikkel",2018,351,0.583333333333333
"blevins christopher",2018,11,0.566666666666667
"blikra erlend",2020,27,0
"blot guillaume",2009,131,0.5
"blythe adam",2010,518,0.333333333333333
"boaro manuele",2011,346,0.875
"boasson hagen edvald",2008,2032,0.783333333333333
"bobridge jack",2010,328,0.816666666666667
"bodnar maciej",2008,142,0
"boeckmans kris",2010,351,0.975
"boem nicola",2013,121,0.216666666666667
"boev igor",2013,81,0
"bohli tom",2016,150,0.479365079365079
"boily david",2011,24,0
"boivin guillaume",2011,302,1.15
"bol cees",2019,804,0.0833333333333333
"bol jetse",2012,107,0.831547619047619
"bongiorno francesco manuel",2013,685,0.840873015873016
"bonifazio niccolò",2014,1002,0.361111111111111
"bonnafond guillaume",2009,128,1.36666666666667
"bonnamour franck",2016,126,0.33452380952381
"bonnin thomas",2011,7,1.08333333333333
"bookwalter brent",2008,44,0
"boom lars",2009,719,1.26666666666667
"borchi stefano",2010,20,0.125
"boswell ian",2013,72,0.683333333333333
"bou joan",2018,38,0
"boudat thomas",2015,303,0.954761904761905
"bouet maxime",2008,430,0
"bouhanni nacer",2011,910,0.125
"bouhanni rayane",2016,9,0.333333333333333
"bouwman koen",2016,158,0.125
"bovay steve",2008,17,0
"brambilla gianluca",2010,279,1.01904761904762
"brambilla giorgio",2010,29,1
"brändle matthias",2009,306,0.666666666666667
"bravo garikoitz",2011,52,0.125
"brea anthony josé",2007,70,0
"breen vegard",2014,112,0.0625
"brenner marco",2021,NA,1.36363636363636
"bresciani michael",2018,37,0.25
"breyne jonathan",2011,10,0.311111111111111
"broeckx stig",2014,153,1
"brown connor",2021,NA,0
"brown jonny",2018,24,0
"brown nathan",2014,93,0.302380952380952
"brozyna piotr",2015,6,0
"bruson simone",2007,1,0.5
"brussenskiy gleb",2021,NA,0
"bryon miguel",2018,13,0.025
"buchmann emanuel",2015,484,0.533333333333333
"budding martijn",2017,113,0.5625
"bueken joeri",2013,0,0
"buitrago santiago",2020,69,0.4
"burgaudeau mathieu",2019,68,0.566666666666667
"butler chris",2011,148,0
"buts vitaliy",2009,190,0.833333333333333
"butterfield tyler",2007,0,0
"bystrøm sven erik",2015,266,0.547619047619048
"cabello antonio",2010,20,0
"caldwell blake",2007,10,0
"calle juan fernando",2020,NA,0
"calmejane lilian",2016,1103,1.1
"cam maxime",2015,7,0
"camacho julio alexis",2013,39,0
"camargo diego andres",2021,NA,0
"cammaerts edwig",2011,122,0
"campenaerts victor",2014,370,0.666666666666667
"campos francisco",2019,39,0
"cañellas xavier",2019,49,0
"cano jose luis",2011,42,0
"canola marco",2012,146,0.2
"cantón isaac",2020,NA,0
"capelli ermano",2008,80,0.458333333333333
"capiot amaury",2015,432,0.7
"carbel michael",2015,107,0.283333333333333
"carboni giovanni",2018,188,0.447751322751323
"cardis romain",2016,148,0
"cardona julián",2018,0,0
"carlsen kirk",2010,28,0.125
"carretero héctor",2018,115,0
"carretero ramón",2013,2,0
"caruso damiano",2009,185,1.375
"carvalho andre",2019,50,0
"castrillo jaime",2018,93,0
"castroviejo jonathan",2010,314,0.2
"cataford alexander",2017,111,0
"cataldo dario",2007,211,0.5
"cattaneo mattia",2013,87,1.10444444444444
"cauquil yohan",2008,29,0
"cavagna rémi",2017,489,0.366666666666667
"cavendish mark",2007,1947,0.5
"cepeda jefferson alexander",2020,24,1
"cerný josef",2013,45,0.0714285714285714
"chaigneau robin",2010,89,0.195833333333333
"champion dimitri",2007,94,0
"champion thomas",2021,NA,1.08333333333333
"charmig anthon",2021,NA,1
"charucki pawel",2011,0,0
"chaves esteban",2011,355,0
"cherel mikaël",2008,270,0.166666666666667
"cherkasov nikolay",2018,295,0.27051282051282
"chernetski sergei",2013,800,0.696428571428571
"chetout loïc",2015,152,0.25
"chevrier clément",2015,74,0.288888888888889
"chirico luca",2015,152,0.487619047619048
"chtioui rafaâ",2010,197,0.25
"ciccone giulio",2016,412,0.547619047619048
"cima imerio",2018,263,0.333333333333333
"cimolai davide",2010,164,0.333333333333333
"claeys dimitri",2011,9,0.0833333333333333
"claeys kevin",2012,78,0
"clancy edward",2007,1,1.25
"clancy stephen",2013,0,0
"clarke simon",2010,401,0.635714285714286
"colbrelli sonny",2012,454,1
"coledan marco",2012,81,0
"colleoni kevin",2021,NA,1.2625
"colman alex",2021,NA,0.166666666666667
"colò alessandro",2010,0,1.05833333333333
"conca filippo",2021,NA,0.520833333333333
"conci nicola",2018,201,0.988888888888889
"consonni simone",2017,685,0.486111111111111
"conti samuele",2014,68,0
"conti valerio",2014,354,0.566666666666667
"contoli alberto",2010,4,0.833333333333333
"contreras rodrigo",2016,34,0
"coomans bjorn",2008,54,0.166666666666667
"coppel jérôme",2008,344,0.583333333333333
"coquard bryan",2013,1331,0.5
"corbel erwann",2013,158,0.25
"cornu dominique",2008,226,0.466666666666667
"cort magnus",2015,752,0.438095238095238
"corti marco",2008,35,0.5
"cosnefroy benoît",2018,866,0.733333333333333
"costa rui",2007,213,0
"coté pier-andré",2019,36,0.25
"courteille arnaud",2011,36,0.25
"cousin jérôme",2011,146,0.45
"covili luca",2019,41,0.0625
"cozza steven",2007,88,0
"craddock lawson",2014,213,0.591904761904762
"crane matthew",2007,0,0
"cras steff",2018,211,0.780555555555556
"cuadros álvaro",2018,23,0
"cullaigh gabriel",2020,10,0.18452380952381
"cusin rémi",2009,177,0.25
"da ros gianni",2008,14,0
"dainese alberto",2020,141,0.375
"dal col andrea",2014,20,0
"damuseau thomas",2011,32,0.291666666666667
"danacik jakub",2008,0,0.2
"danacik jakub",2008,0,0.2
"daniel gregory",2017,48,0.0571428571428571
"daniel maxime",2013,207,0.333333333333333
"davies scott",2018,103,0.628571428571429
"davis cole",2018,0,0.2
"de bie sean",2014,448,1.03571428571429
"de bod stefan",2019,172,0.272727272727273
"de bonis matteo",2020,NA,0
"de buyst jasper",2013,167,0.5
"de decker alfdan",2019,141,0
"de gendt aimé",2016,111,0.306944444444444
"de gendt thomas",2009,446,0.333333333333333
"de greef francis",2008,239,0.904761904761905
"de ieso donato",2013,4,0.5
"de jonghe kevin",2012,0,1.13333333333333
"de la cruz david",2012,221,0
"de lis sergio",2009,25,0
"de mesmaeker kevin",2013,12,0
"de negri pier paolo",2009,113,0.666666666666667
"de patre roberto",2010,0,0
"de pauw moreno",2014,0,0
"de pestel sander",2020,NA,0.05
"de plus jasper",2020,NA,0
"de plus laurens",2016,270,0.566666666666667
"de rossi lucas",2018,69,0
"de tier floris",2015,263,0.722727272727273
"de troyer tim",2013,103,0.2
"de vreese laurens",2011,257,0.2
"de vylder lindsay",2017,32,0
"de wilde gilles",2020,6,0
"debesay yakob",2021,NA,1
"debusschere jens",2011,126,0.85
"declercq benjamin",2017,240,0.0555555555555556
"declercq tim",2012,227,0.35
"degenkolb john",2011,2333,1.2722619047619
"dekker david",2021,NA,0
"delaplace anthony",2009,112,0.375
"delle stelle christian",2012,33,0.1
"deltombe kevin",2017,190,0.307142857142857
"deltombe kevin",2017,190,0.307142857142857
"démare arnaud",2012,1754,1.27777777777778
"dennis rohan",2013,915,0.633333333333333
"denz nico",2016,82,0.0666666666666667
"deroo david",2007,18,0
"deruette thomas",2017,6,0.05
"devenyns dries",2007,114,0.333333333333333
"devine john",2008,8,0.611111111111111
"devriendt tom",2015,144,0
"dewulf stan",2019,243,0.71025641025641
"di corrado andrea",2012,87,0
"di renzo andrea",2020,NA,0
"díaz josé manuel",2017,86,0
"dibben jonathan",2017,150,0.683333333333333
"dillier silvan",2014,884,1
"dlamini nic",2018,55,0.183333333333333
"docker mitchell",2007,117,0
"dockx gert",2009,78,0.458333333333333
"domagalski karol",2012,40,0
"dombrowski joe",2013,107,0.75
"domene ramon",2011,7,0.333333333333333
"domont axel",2013,65,0.652380952380952
"donadello emiliano",2007,97,0
"doubey fabien",2017,80,0
"dougall nic",2015,62,0
"doull owain",2017,339,0.508333333333333
"dowsett alex",2011,492,0.395833333333333
"drouilly mathieu",2008,0,0
"duarte fabio",2007,84,0
"duchesne antoine",2014,219,0.0666666666666667
"duijn huub",2007,61,0.4
"dumoulin tom",2012,753,0.566666666666667
"dunbar eddie",2019,584,0.934126984126984
"duquennoy jimmy",2017,53,0.166666666666667
"durbridge luke",2012,939,1.08333333333333
"duval aurelien",2009,0,0.0833333333333333
"eaton daniel",2016,54,0.366666666666667
"edet nicolas",2011,140,1.16666666666667
"edmondson alex",2016,219,0.45
"edmondson joshua",2013,72,0.4
"eenkhoorn pascal",2018,265,0.347222222222222
"eg niklas",2018,297,0.666666666666667
"egger alexander",2008,0,0
"egholm jakob",2019,0,0.333333333333333
"eibegger markus",2007,189,0
"eijssen yannick",2011,86,0.734325396825397
"eiking odd christian",2016,474,0.266666666666667
"eisenhart taylor",2018,87,0.0833333333333333
"el fares julien",2008,494,0.75
"elissonde kenny",2012,335,1.08333333333333
"ellsay nigel",2018,45,0
"elosegui iñigo",2020,26,0
"enger sondre holst",2015,585,1.26666666666667
"eriksson lucas",2019,139,0.316666666666667
"ermenault corentin",2018,17,0.845238095238095
"ershov artur",2012,126,0.0833333333333333
"euser lucas",2007,113,0
"evenepoel remco",2019,1770,0.9
"evtushenko alexander",2015,8,0.333333333333333
"ewan caleb",2015,1294,0.972222222222222
"fabbro matteo",2018,245,0.878571428571429
"fagerhaug petter",2019,0,0
"fairly caleb",2011,34,0.5
"fankhauser clemens",2007,37,0
"fantini alessandro",2009,24,0
"farazijn maxime",2016,50,0.65
"favilli elia",2011,390,0.166666666666667
"fedeli alessandro",2019,200,0.822916666666667
"fedi andrea",2014,447,0.266666666666667
"fedi matteo",2011,14,0.333333333333333
"fedorov yevgeniy",2021,NA,0.183333333333333
"feillu brice",2009,323,0.666666666666667
"feillu romain",2007,1035,0.6
"felline fabio",2010,447,1.375
"fenn andrew",2012,498,0.545833333333333
"fernandez higinio",2011,0,0
"fernández juan carlos",2007,5,0
"fernández rubén",2013,139,0
"ferrari roberto",2007,107,0
"filosi iuri",2015,96,0.544444444444444
"finetto mauro",2008,688,0.666666666666667
"flakemore campbell",2015,14,0.166666666666667
"flens rick",2007,169,0.833333333333333
"flórez miguel eduardo",2017,23,0
"foliforov alexander",2015,193,0.564935064935065
"fominykh daniil",2014,68,0.166666666666667
"fonseca armindo",2011,186,0
"fonzi giuseppe",2015,68,0.166666666666667
"formolo davide",2014,793,0.875
"fortin filippo",2011,89,0.5
"fortunato lorenzo",2019,120,0.506136363636364
"foss tobias",2020,81,0.900396825396825
"fouchard julien",2010,110,0.166666666666667
"fournier marc",2016,169,0.2
"fraile omar",2013,60,0
"frank mathias",2008,330,0
"frankiny kilian",2017,164,0.5
"frapporti marco",2008,194,0.333333333333333
"frapporti mattia",2017,43,0.0857142857142857
"frei thomas",2007,96,0.25
"frison frederik",2016,37,0.583333333333333
"froome chris",2008,289,0
"fuglsang jakob",2009,1679,0
"fumagalli cristiano",2008,138,0.166666666666667
"gaday lucas manuel",2016,0,0.375
"gaia michele",2009,4,1
"galimzyanov denis",2009,323,0.5
"gall felix",2020,8,0.221428571428571
"gallopin tony",2010,784,0.528333333333333
"galta fredrik strand",2016,3,0
"gamper patrick",2020,18,0.38984126984127
"ganna filippo",2017,136,0.587301587301587
"garcía cortina iván",2017,393,0.8
"garcía jhojan",2017,19,0
"garcía marcos",2009,486,0
"garcía marcos",2009,486,0
"garcía pierna raúl",2021,NA,0.166666666666667
"garcía ricardo",2012,72,0
"garel adrien",2018,28,0
"garrison ian",2018,90,0.75
"gaspar joão",2016,36,0
"gastauer ben",2010,116,0.35
"gatto oscar",2007,240,0.666666666666667
"gaudin damien",2008,53,0.333333333333333
"gaudu david",2017,615,0.416666666666667
"gautier cyril",2009,382,0.80952380952381
"gavazzi francesco",2007,396,1.5
"gaviria fernando",2016,2059,0
"gawronski piotr",2013,6,0.05
"geniez alexandre",2010,569,0.4
"geoghegan hart tao",2017,615,0.973443223443224
"gerts floris",2016,253,0.5
"gesbert élie",2017,226,0.716666666666667
"geschke simon",2009,328,0.333333333333333
"gesink robert",2007,1818,1
"ghebreigzabhier amanuel",2018,493,1.1
"ghirmay hailu biniam",2020,299,0.333333333333333
"ghys robbe",2018,32,0.416666666666667
"ghyselinck jan",2010,67,1.03952380952381
"gianetti noe",2010,10,0
"gibbons ryan",2017,497,0
"gibson matthew",2019,99,0.1
"gidich yevgeniy",2018,389,0
"gimenez carlos",2015,0,0
"ginanni francesco",2008,786,0
"goddaert kristof",2008,553,0.333333333333333
"godon dorian",2017,170,0.166666666666667
"godoy yonder",2014,40,0
"godrie stan",2017,5,0.25
"goesinnen floris",2007,259,0
"gogl michael",2016,319,0
"gohr andre  eduardo",2017,10,0
"golas michal",2007,52,0.75
"goldstein omer",2018,47,0
"goldstein roy",2017,30,0
"gómez bryan",2018,82,0
"gómez yelko",2012,26,0
"gonzález abner",2021,NA,0
"gonzález david",2019,22,0
"goolaerts michael",2017,52,0.05
"goos marc",2013,45,0.583333333333333
"goossens kobe",2020,75,0.333333333333333
"goss matthew",2007,363,0.333333333333333
"gottfried alexander",2007,105,0
"gougeard alexis",2014,597,0.366666666666667
"gourgue benjamin",2008,13,0.25
"grabovskyy dmytro",2007,89,0.9
"grávalos arturo",2021,NA,0
"graziato massimo",2008,12,0.5
"gregaard jonas",2019,125,0.316666666666667
"grellier fabien",2016,150,0.528571428571429
"grendene andrea",2009,34,0.5
"gretsch patrick",2010,229,0.716666666666667
"grignard sébastien",2021,NA,0.107142857142857
"grijalba fernando",2014,35,0
"grmay tsgabu",2013,225,0
"groenewegen dylan",2015,1365,0.533333333333333
"grondin donavan",2020,1,0.366666666666667
"großschartner felix",2016,305,0.433333333333333
"grosu eduard-michael",2015,437,0
"guardini andrea",2011,846,0.25
"guarnieri jacopo",2008,223,0.777777777777778
"gudsell timothy",2007,61,0
"guernalec thibault",2019,151,0.0625
"guerreiro ruben",2017,671,0.5
"guglielmi simon",2020,52,0.455555555555555
"guillemois romain",2014,47,0.541666666666667
"guldhammer rasmus",2010,100,0.74047619047619
"gutiérrez cecilio",2008,8,0
"haig jack",2016,584,0.7
"hailemichael mulu kinfe",2020,45,0.25
"halleguen mathieu",2011,27,0.583333333333333
"haller marco",2012,189,0.416666666666667
"halvorsen kristoffer",2018,640,0.663333333333333
"hamilton lucas",2018,548,0.707792207792208
"hansen jesper",2014,424,1
"hansen lasse norman",2014,202,1.25833333333333
"hardy romain",2011,379,0.166666666666667
"hartmann nicolas",2007,166,0.25
"hatanaka yusuke",2008,15,0
"helven sander",2013,83,0
"henao sebastián",2014,315,0
"henttala joonas",2013,10,0
"hepburn michael",2012,88,1.25
"herklotz silvio",2016,165,1.79777777777778
"hermans ben",2009,440,0.388888888888889
"hermans quinten",2020,NA,0
"herrada jesús",2011,155,0.5
"herrada josé",2008,132,0
"herregodts rune",2021,NA,1.2
"hesselbarth david",2011,0,0.383333333333333
"higuita sergio",2017,130,0
"hindley jai",2018,404,0.742857142857143
"hindsgaul madsen jacob",2020,21,0.383333333333333
"hirschi marc",2019,1419,1.24145299145299
"hirt jan",2015,295,1.16666666666667
"hník karel",2015,172,0.5
"hodeg álvaro josé",2018,1010,0
"hoelgaard daniel",2016,172,0.433333333333333
"hofland moreno",2013,804,0.491666666666667
"hofstede lennard",2017,212,0.365
"hofstetter hugo",2016,204,0.226190476190476
"holloway daniel",2008,19,0
"honkisz adrian",2010,125,0.166666666666667
"honoré mikkel frølich",2019,251,0.73125
"hoornaert stijn",2007,0,0
"houanard steve",2008,36,0
"houle hugo",2011,96,0
"howard leigh",2010,383,0.75
"howes alex",2007,0,0
"howson damien",2014,181,0.736111111111111
"hucker robbie",2014,28,0
"huffman evan",2013,15,0
"huguet yann",2007,354,0.5
"hulgaard morten",2020,29,0.361111111111111
"hupond thierry",2008,203,0.333333333333333
"hurel tony",2011,138,0.5
"ignatenko petr",2011,128,0.333333333333333
"impey daryl",2008,221,0
"intxausti beñat",2008,172,0.5
"irisarri jon",2017,43,0
"irvine declan",2019,3,0
"ishibashi manabu",2015,4,0
"iversen rasmus",2019,15,0.0666666666666667
"izagirre gorka",2008,10,0
"izagirre ion",2011,434,0
"jacobs johan",2020,56,0.35
"jacobs pieter",2007,340,0.333333333333333
"jakobsen fabio",2018,1407,0.305555555555556
"jang chan jae",2013,38,0
"janiszewski sylwester",2010,80,0
"jans roy",2013,387,0.666666666666667
"janse van rensburg reinardt",2013,541,0
"jansen amund grøndahl",2017,536,0.7
"jarc blaž",2012,246,0.244761904761905
"jarrier benoît",2013,197,0
"jaspers jappe",2017,0,0
"jauregui quentin",2015,154,0.19047619047619
"jeannesson arnold",2009,68,1
"jim songezo",2013,36,0
"johansen julius",2020,24,0.416666666666667
"joseph gregory",2010,67,0.0816666666666667
"joseph stijn",2009,1,0.4
"journiaux axel",2018,0,0.5
"joyce colin",2018,312,0.0555555555555556
"jungels bob",2013,575,0.795833333333333
"juodvalkis egidijus",2011,175,0
"juul-jensen christopher",2012,88,0.5
"kaczmarek jakub",2015,8,0
"kadri blel",2009,230,0.325
"kaikov valery",2012,2,0.5
"kaltofen petr",2008,0,0
"kämna lennard",2016,308,0.875
"kamp alexander",2016,232,1.12
"kamyshev arman",2013,79,0.105555555555556
"kangert tanel",2008,157,0.7
"kanter max",2019,160,0.594444444444444
"kasperkiewicz przemyslaw",2018,65,0.101731601731602
"keizer martijn",2011,241,0.25
"kelderman wilco",2012,1070,0.7
"keller patrick",2008,0,0
"kennaugh peter",2010,211,0.833333333333333
"kerby jordan",2014,94,0
"kerkhof tim",2015,68,0.111111111111111
"kern julian",2013,71,0.208333333333333
"keukeleire jens",2010,616,0.222222222222222
"keukeleire jens",2010,616,0.222222222222222
"khatuntsev alexander",2007,125,0.666666666666667
"king ben",2011,112,0.192857142857143
"king ben",2011,112,0.192857142857143
"king ben",2011,112,0.192857142857143
"king ben",2011,112,0.192857142857143
"king benjamin",2011,8,0
"kireyev roman",2008,80,0
"kirsch alex",2015,154,0.361904761904762
"kišerlovski robert",2010,665,0.166666666666667
"kittel marcel",2011,1743,0.885714285714286
"klemme dominic",2009,218,0.25
"kloucek frantisek",2008,3,0
"kluge roger",2010,277,0.25
"knox james",2018,615,0.74537037037037
"kobayashi marino",2017,0,0
"kobernyak evgeny",2018,13,0.0476190476190476
"koch jonas",2016,197,0
"koch michel",2013,119,0.660714285714286
"kohler martin",2008,28,0.142857142857143
"koishi yuma",2016,7,0.2
"kolár michael",2014,150,0
"kolesnikov sergey",2007,121,0.666666666666667
"kolessov alexey",2007,0,0.333333333333333
"komin aleksandr",2015,0,0
"kongstad tobias",2019,10,0
"könig leopold",2008,13,0.0833333333333333
"konovalovas ignatas",2008,487,0.553571428571429
"konrad patrick",2015,457,1.20833333333333
"kooij olav",2021,NA,1.53333333333333
"koren kristijan",2010,367,1.15277777777778
"koretzky clément",2013,142,0
"korsæth truls engen",2017,65,0.3
"koshevoy ilia",2015,265,0.1
"kovalev evgeny",2012,15,0.416666666666667
"kozhatayev bakhtiyar",2015,177,0.404040404040404
"kozontchuk dmitry",2007,95,0.625
"kragh andersen asbjørn",2016,110,0
"kragh andersen søren",2016,704,0.761071428571429
"krasnov leonid",2012,327,0
"kreder michel",2010,450,0.466666666666667
"kreder raymond",2012,312,0.323333333333333
"kreder wesley",2013,205,0.364285714285714
"kristoff alexander",2010,808,0.638095238095238
"kritskiy timofey",2010,102,0.993333333333333
"krivtsov dmytro",2009,6,0.25
"kron andreas",2019,300,0.85
"kruijswijk steven",2010,756,0.233333333333333
"kubias petr",2008,1,0
"kudus merhawi",2014,356,0
"kulikov vladislav",2019,14,0
"kulikovskiy alexandr",2019,0,0.225
"kump marko",2011,320,0.913333333333333
"küng stefan",2015,607,0.744444444444444
"kunitski andrei",2007,423,0.55
"kupeshov berik",2008,5,0
"kurbatov alexey",2016,16,0
"kurek adrian",2012,36,0
"kurianov stepan",2018,30,0.185353535353535
"kuroeda shiki",2015,69,0
"kuss sepp",2018,507,0
"kustadinchev roman",2015,6,0.111111111111111
"kux christian",2008,43,0
"kuzmin anton",2020,NA,0
"kuznetsov viacheslav",2013,186,0.75
"kvist thomas vedel",2009,13,1.04166666666667
"kwiatkowski michal",2011,720,0.516666666666667
"laas martin",2016,110,0.2
"laengen vegard stake",2012,164,0.626984126984127
"lafay victor",2019,45,0.783333333333333
"lambert-lemay simon",2011,0,0.0833333333333333
"lambrecht bjorg",2018,721,1.31613756613757
"lammertink maurits",2013,228,0.625
"lammertink steven",2016,24,0.788333333333333
"lampaert yves",2013,399,0.285714285714286
"landa mikel",2011,246,0.666666666666667
"lander sebastian",2013,29,0.709523809523809
"lange michael",2007,28,0
"langellotti victor",2018,3,0
"laporte christophe",2014,345,0.4
"lapthorne darren",2007,85,0
"larsen niklas",2020,13,1.075
"lasca francesco",2012,474,0.166666666666667
"laton eryk",2015,42,0
"latour pierre",2015,959,0.905357142857143
"lauscha georg",2008,0,0
"lawless chris",2018,563,0.45
"le bon johan",2011,98,0.5
"le floch guillaume",2009,76,0.25
"le gac olivier",2015,73,0.427777777777778
"le turnier mathias",2017,117,0.333333333333333
"lechuga pablo",2010,23,0.333333333333333
"lecroq jérémy",2018,90,0.744444444444444
"lecuisinier pierre-henri",2014,52,0.832010582010582
"ledanois kévin",2015,201,0.166666666666667
"leemreize gijs",2021,NA,1
"leezer tom",2008,482,0.866666666666667
"lemarchand romain",2011,49,0
"levarlet guillaume",2008,298,1
"lewis craig",2007,86,0
"leysen senne",2018,44,0.503472222222222
"lhotellerie clement",2007,408,0.666666666666667
"lietaer eliot",2012,113,0.1
"ligthart pim",2011,661,0.6
"linda antonin",2009,0,0.111111111111111
"lindeman bert-jan",2012,221,0.358333333333333
"lindgren johan",2007,11,0
"lisson christoffer",2020,NA,0
"lloyd matthew",2007,427,0.666666666666667
"lobato juan josé",2011,210,1
"locatelli paolo",2011,12,0.922222222222222
"locatelli stefano",2012,206,1.41666666666667
"lodewyck klaas",2009,277,0.473809523809524
"lombardi omar",2011,76,0.725
"lonardi giovanni",2019,232,0.483333333333333
"longo roberto",2007,40,0
"looij andré",2015,204,0
"lópez daniel",2018,120,0
"lópez jordi",2021,NA,0
"lópez miguel ángel",2015,950,0.25
"lowndes jason",2016,88,0
"lucciola fabrizio",2010,0,0.333333333333333
"ludvigsson fredrik",2015,42,0.825
"ludvigsson tobias",2012,367,0.352380952380952
"lund anders",2007,154,0.325396825396825
"lunke sindre",2016,96,0.791666666666667
"lutsenko alexey",2013,357,0.277777777777778
"macgregor ian",2007,5,0
"mäder gino",2019,165,0.567376373626374
"madouas valentin",2018,1014,0.375
"madrazo ángel",2009,35,0
"maes nikolas",2007,148,0.571428571428571
"magalhães jorge",2019,0,0
"magazzini enrico",2010,54,0.5
"mager christian",2015,42,0.3
"magner ty",2011,44,0.5
"maikin roman",2013,138,0
"maison jérémy",2016,67,1.35
"majka rafal",2011,286,0.633333333333333
"malacarne davide",2009,286,1
"malecki kamil",2015,0,0
"malori adriano",2011,381,0.5
"malucelli matteo",2017,274,0
"mamykin matvey",2016,251,0.166666666666667
"manakov victor",2012,48,1.21111111111111
"mancuso salvatore",2010,0,0.416666666666667
"mandri rené",2007,189,0.333333333333333
"manfredi andrea",2014,0,0.527777777777778
"manzin lorrenzo",2015,297,0.0833333333333333
"marchiori leonardo",2021,NA,0
"mareczko jakub",2015,898,0
"margaliot ran",2012,1,0
"margutti damiano",2010,0,0
"marini nicolas",2015,437,0.0625
"marit arne",2021,NA,0.816666666666667
"märkl niklas",2021,NA,0.15
"markus barry",2012,320,0.409722222222222
"maronese marco",2017,73,0
"martin dan",2008,785,1.03333333333333
"martin guillaume",2016,705,0.845833333333333
"martin tony",2008,1297,0.5
"martinelli davide",2016,215,0.538888888888889
"martinez carlos andres",2011,0,0
"martínez daniel felipe",2015,146,0
"martinez luis miguel",2016,0,0
"marycz jaroslaw",2010,124,0.635714285714286
"mas enric",2017,1177,0.333333333333333
"masnada fausto",2017,568,0.283333333333333
"matheou romain",2009,35,0
"mathis marco",2017,21,0.333333333333333
"matthews michael",2011,925,1.01388888888889
"matzka ralf",2013,178,0.1
"mazet julien",2007,71,1
"mazzucco fabio",2020,30,0.472294372294372
"mccarthy jay",2013,124,0.791666666666667
"mccormick hayden",2016,67,0.333333333333333
"mcevoy jonathan",2013,30,0.03125
"mclay daniel",2015,726,0.725
"mcnulty brandon",2018,452,1.43333333333333
"meersman gianni",2007,421,0.25
"meeus jordi",2021,NA,0.814285714285714
"meier christian",2009,129,0.125
"meijers jeroen",2017,350,0.25
"meijers jeroen",2017,350,0.25
"meintjes louis",2013,436,0.2
"mendes josé",2008,89,0
"menten milan",2018,307,0.333333333333333
"merino pedro",2010,37,0
"mertens julian",2020,6,0.514285714285714
"mertens tim",2009,26,0
"mertz rémy",2017,108,0.291666666666667
"meyer cameron",2009,162,0.791666666666667
"meyer travis",2010,86,0.5
"milán diego",2009,67,0.125
"milan jonathan",2021,NA,0.5
"minali riccardo",2017,501,0.316666666666667
"mínguez miguel",2010,62,0
"mitri james",2018,5,0
"modolo sacha",2010,876,0.844444444444444
"mohoric matej",2014,116,0.741071428571428
"molano juan sebastián",2015,63,0
"molard rudy",2012,129,0.428571428571429
"molenaar alex",2020,21,0.333333333333333
"mollema bauke",2008,211,0.5
"molly kenny",2019,47,0.375
"monaco alessandro",2020,NA,0.430555555555556
"moniquet sylvain",2021,NA,0.75
"monsalve yonathan",2011,307,0.595238095238095
"montaguti matteo",2008,118,0.25
"mora arturo",2011,33,0
"moreira mauricio",2018,121,0
"moreno francisco javier",2012,4,0
"moreno javier",2007,270,0
"morice julien",2015,61,0.5
"morin emmanuel",2019,166,0
"morizot florian",2009,47,0.0833333333333333
"mørkøv michael",2009,243,0.25
"mortier julien",2018,35,0.333333333333333
"morton lachlan",2013,127,0.833333333333333
"mosca jacopo",2017,403,0.283333333333333
"moschetti matteo",2019,344,0.571428571428571
"moscon gianni",2016,1187,1.12142857142857
"moser moreno",2012,1267,0.625
"mostov zeke",2018,0,0.216666666666667
"moyano enzo josué",2012,37,0
"mozzato luca",2020,129,0.442222222222222
"mühlberger gregor",2016,327,0.30952380952381
"mullen ryan",2016,311,0.598412698412698
"müller patrick",2018,212,0.757692307692308
"muñoz cristian camilo",2019,28,0.5
"muñoz daniel",2019,254,0
"munro casey",2007,0,0
"murguialday jokin",2021,NA,1
"murphy john",2007,31,0
"narváez jhonatan",2018,397,0
"natarov yuriy",2019,142,0.198412698412698
"navardauskas ramunas",2011,748,0.827777777777778
"neilands krists",2017,348,0.2
"neirynck stijn",2009,54,0.194444444444444
"nekrasov denis",2019,23,0
"nepomnyachshiy yevgeniy",2010,56,0.333333333333333
"nerz dominik",2010,206,0.458333333333333
"neves fernandes josé carlos prates",2019,110,0
"neyens maarten",2008,182,0.375
"nibali antonio",2015,14,0
"nieuwenhuis joris",2019,246,0.0666666666666667
"nishimura hiroki",2018,19,0
"nizzolo giacomo",2011,1153,1.25
"nolf frederiek",2008,14,0.383333333333333
"noppe christophe",2017,225,0.129166666666667
"norsgaard mathias",2019,99,0.65
"novak domen",2017,140,0.141666666666667
"novikov nikita",2012,53,1.13333333333333
"novikov savva",2021,NA,0
"nowak mateusz",2013,0,0
"nych artem",2015,73,0.0714285714285714
"o'brien mark",2007,0,0
"o'connor ben",2017,371,0
"ochoa diego antonio",2015,39,0
"offredo yoann",2008,264,0.125
"oien justin",2017,20,0.516666666666667
"oka atsushi",2020,NA,0
"oldani stefano",2020,78,0.239285714285714
"oliveira ivo",2018,23,0
"oliveira nelson",2010,244,0.333333333333333
"oliveira rui",2018,130,0
"olivier daan",2014,129,0.775
"oomen sam",2016,795,0.924404761904762
"oram james",2016,141,0.583333333333333
"ormenese caio godoy",2017,37,0
"orsini umberto",2018,14,0.25
"osorio alejandro",2019,37,0.333333333333333
"osorio juan felipe",2017,35,0
"oss daniel",2009,522,0.875
"osuna román",2012,15,0
"othman muhamad adiq husaine",2012,215,0
"ourselin paul",2017,60,0
"ovechkin artem",2010,226,0.25
"owen logan",2018,69,0.19375
"owsian lukasz",2013,89,0
"paasschens mathijs",2019,99,0.25
"pacher quentin",2016,316,0.125
"pachón oscar mauricio",2011,3,0
"pacinotti nicolò",2017,0,0.1
"pacioni luca",2016,92,0.25
"padour františek",2009,5,0.0833333333333333
"padun mark",2018,375,1.20555555555556
"pagani angelo",2011,145,1.61111111111111
"page dylan",2016,207,0.0833333333333333
"paiani jean-lou",2011,43,0.166666666666667
"pajur markus",2021,NA,0.5
"palini andrea",2013,244,0.25
"palini andrea",2013,244,0.25
"paluta michal",2015,34,0.0555555555555556
"pantano jarlinson",2012,128,0.666666666666667
"pantoja darwin ferney",2014,0,0
"paredes wilmar",2017,197,0
"paret-peintre aurélien",2019,457,0.525
"parra heiner rodrigo",2014,64,0.5
"parrinello antonino",2012,55,0.416666666666667
"pasche frank",2016,0,0
"pasqualon andrea",2011,104,0.5
"passeron aurélien",2007,144,0
"paterski maciej",2010,301,0.464285714285714
"pavarin marcello",2009,74,0.533333333333333
"pearson daniel",2017,137,0.393939393939394
"pedersen casper",2018,211,0.64
"pedersen mads",2015,275,0.793650793650794
"peeters kevin",2009,56,0
"pelikán jános",2020,4,0
"pellaud simon",2015,48,0.161111111111111
"pelucchi matteo",2011,281,0
"peñalver manuel",2019,51,0
"per david",2017,21,0.5025
"persson lucas",2008,47,0
"pessot alessandro",2019,22,0.166666666666667
"petelin jan",2020,NA,0
"peters alex",2016,57,0.25
"peters nans",2017,178,0.408333333333333
"peterson tom",2007,79,0.333333333333333
"petilli simone",2016,257,0.744444444444444
"petit adrien",2011,545,0.166666666666667
"phelan adam",2014,109,0.25
"philipsen jasper",2018,1060,0.825
"phinney taylor",2011,1215,1.48055555555556
"pibernik luka",2015,223,0.505952380952381
"piccolo andrea",2021,NA,0.660714285714286
"pidcock thomas",2021,NA,1.62083333333333
"piechele andrea",2010,160,0.583333333333333
"piemontesi fabrice",2007,32,0
"pineau cédric",2008,145,0
"pinot thibaut",2010,752,0.666666666666667
"pirazzi stefano",2010,115,0.1
"planckaert baptiste",2010,141,0.658333333333333
"planckaert edward",2017,281,0.2625
"planckaert emiel",2018,7,0.347857142857143
"pliu<U+0219>chin alexandr",2008,70,0.555555555555556
"poels wout",2009,229,0
"pogacar tadej",2019,3435,0.6125
"polanc jan",2014,405,0.683333333333333
"poli umberto",2017,17,0
"politt nils",2016,380,0.6
"poljanski pawel",2014,209,0.166666666666667
"pols ruben",2016,0,0.336111111111111
"pomoshnikov sergey",2013,92,0.125
"ponzi simone",2009,143,0.833333333333333
"pöstlberger lukas",2016,389,0.0555555555555556
"potgieter bradley",2013,5,0
"poulhiès stéphane",2007,116,0
"power robert",2016,155,1.27380952380952
"powless neilson",2018,392,0.761363636363636
"pozzo mattia",2013,19,0
"preidler georg",2012,261,0.333333333333333
"premont christophe",2013,25,0.125
"price-pejtersen johan",2020,4,0.166666666666667
"proch walter",2007,78,0.5
"puccio salvatore",2012,263,0.975
"putt tanner",2015,77,0.333333333333333
"quéméneur perrig",2008,45,0
"quinn sean",2019,10,1.2
"quintana nairo",2011,682,1
"quintero dúber",2013,34,0
"quirino rodrigo",2016,0,0
"rabottini matteo",2011,486,1.25
"raeymaekers thomas",2013,0,0
"raggio luca",2018,130,0.714285714285714
"räim mihkel",2017,562,0.1
"raimbekov bolat",2009,10,0
"rajovic dušan",2020,21,0
"ramirez brayan steven",2015,108,0
"ramirez carlos mario",2015,19,0
"rathe jacob",2012,64,0.361111111111111
"ratto daniele",2010,355,1.64166666666667
"ravasi edward",2017,222,0.844444444444444
"reguigui youcef",2013,84,0.458333333333333
"reichenbach sébastien",2013,569,0.333333333333333
"reig ruben",2008,3,0
"reimer martin",2009,307,0.625
"renev sergey",2009,66,0.25
"repa vojtech",2021,NA,1
"repinski tomasz",2010,0,0
"restrepo jhonatan",2016,346,0
"reus kai",2007,16,1.125
"reutter sven",2016,1,0.166666666666667
"revard thomas",2018,6,0
"rex laurenz",2021,NA,0
"reyes aldemar",2017,113,1
"reynders jens",2021,NA,0.111111111111111
"reza kévin",2011,34,0
"rhim brendan",2018,95,0.0666666666666667
"riabushenko alexandr",2018,355,0.741996336996337
"ricciardi alessio",2007,0,0
"rice michael",2018,19,0
"richeze mauro abel",2008,149,0
"rickaert jonas",2014,23,0.333333333333333
"rikunov petr",2019,30,0.0454545454545455
"riou alan",2019,18,0.0625
"rivera brandon smith",2020,19,0
"rivera kevin",2017,127,0
"rivi samuele",2021,NA,0.266666666666667
"robeet ludovic",2017,18,0
"robert fréderique",2011,145,0.373333333333333
"rochas rémy",2019,95,0.166666666666667
"rochas rémy",2019,95,0.166666666666667
"rodenberg frederik",2020,5,1.31111111111111
"rodriguez carlos",2020,11,0.3
"rodríguez cristián",2016,112,0
"rodríguez jackson",2008,559,0
"rodríguez jhon anderson",2017,5,0
"rodriguez michael",2012,12,1
"rodríguez óscar",2018,464,0
"roe timothy",2011,35,0.5
"roelandts jürgen",2008,1120,0.583333333333333
"roels dominik",2008,107,0.0666666666666667
"rolland pierre",2007,397,1
"romano francesco",2019,25,0.874603174603175
"romero jeffry",2011,86,0.125
"roosen timo",2015,217,0.285714285714286
"rosa diego",2013,258,0
"rosa massimo",2018,3,0.111111111111111
"rosón jaime",2016,187,0
"rossetto stéphane",2010,0,0.2
"rossi nazareno",2007,6,0
"rosskopf joey",2011,52,0
"rota lorenzo",2016,132,0.418055555555556
"rouiller loris",2019,0,0
"rousseau nicolas",2007,114,0
"roux anthony",2008,528,0.20952380952381
"rovny ivan",2007,138,0.5
"rowe luke",2012,296,0.783974358974359
"rowsell erick",2013,32,0.6
"rubio einer augusto",2020,50,0.714285714285714
"rudaskov sergei",2008,62,0.25
"ruffoni nicola",2014,228,0.25
"ruijgh rob",2010,379,0
"russo clément",2018,247,0
"rutsch jonas",2020,30,0.704761904761905
"rybalkin aleksey",2016,65,0.275
"sáez héctor",2016,33,0
"sagan juraj",2011,22,0.623333333333333
"sagan peter",2010,2474,0.922222222222222
"sagiv guy",2017,65,0
"saidov ulugbek",2019,4,0
"sajnok szymon",2018,388,0.0476190476190476
"salazar hugo sebastián",2011,0,0
"salomein jarl",2011,25,0.473333333333333
"samitier sergio",2018,82,0
"samoilau branislau",2007,260,0.214285714285714
"sanchez pelayo",2021,NA,0
"santofimio yors anderson",2016,0,0
"santoro antonio",2011,87,1.08333333333333
"sarabia ignacio",2007,95,0
"sarmiento cayetano josé",2010,102,1
"sarreau marc",2015,287,0.25
"savini daniel",2018,55,0.320833333333333
"savini filippo",2007,60,1
"savitskiy ivan",2012,20,1.16666666666667
"sbaragli kristian",2013,506,0.835555555555555
"scaroni cristian",2020,8,0.214285714285714
"schachmann maximilian",2017,957,0.741666666666667
"schär michael",2007,179,0.75
"schelling ide",2020,86,0.56031746031746
"schelling patrick",2013,21,1
"schets steve",2007,16,0
"schlegel michal",2017,120,0.392857142857143
"schmäh elias",2008,23,0
"schmid mauro",2021,NA,0.0416666666666667
"schmidt fabien",2013,100,0.166666666666667
"schnaidt fabian",2013,120,0.25
"schneiter joab",2021,NA,0.2
"schoffmann martin",2009,25,0
"schorn daniel",2008,32,0
"schreurs hamish",2017,0,0.333333333333333
"schultz jesper",2020,NA,0
"schultz nick",2017,206,0.25
"schwager sebastian",2007,61,0
"schwarzmann michael",2011,22,0
"scotson callum",2019,73,0.819047619047619
"scotson miles",2017,183,0.611111111111111
"seeldraeyers kevin",2007,208,0.75
"seigle romain",2018,184,1
"selander bjorn",2010,67,0
"selig rüdiger",2012,298,0.375
"sellier simon",2018,15,0.511111111111111
"selvaggi mirko",2008,48,0.5
"senac jean-charles",2008,99,1.13333333333333
"sénéchal florian",2014,376,0.775
"senni manuel",2015,115,0.758333333333333
"sepúlveda eduardo",2013,249,0.2
"sergent jesse",2011,580,0.5
"serrano gonzalo",2018,129,0
"serrano rafael",2008,5,0
"serry pieter",2011,350,0
"sessler nícolas",2018,13,0
"seubert timon",2011,92,0.25
"seynaeve lander",2015,10,0
"shalunov evgeny",2016,193,0.25
"shaw james",2017,50,0.383333333333333
"sheffield magnus",2021,NA,0.333333333333333
"sicard romain",2010,177,1.45
"sierra yecid",2017,92,0
"signego alessio",2007,32,0.5
"silin egor",2010,224,1.25
"silvestre fábio",2014,107,1.125
"simion paolo",2015,162,0.483333333333333
"simmons quinn",2020,193,0.880952380952381
"simón jordi",2012,58,0.75
"simon julien",2008,203,0
"sinkeldam ramon",2012,429,0.285714285714286
"sisr františek",2017,267,0
"sivakov pavel",2018,951,0.666666666666667
"six franklin",2018,26,0.285714285714286
"skjerping kristoffer",2015,101,0.325714285714286
"skvarka michal",2008,0,0
"sladkov evgeniy",2007,20,0
"slagter tom-jelte",2011,361,0.5
"slik ivar",2015,5,0.191666666666667
"smith dion",2016,546,0.1
"smukulis gatis",2009,55,0.504761904761905
"sokoll christoph",2008,19,0
"sokolov evgeny",2008,105,0.25
"sonnery blaise",2007,47,0.9
"sørensen chris anker",2007,1069,0.5
"sosa iván ramiro",2017,617,0
"soupe geoffrey",2011,210,0.5
"spengler lukas",2017,58,0.209722222222222
"špilak simon",2008,390,0.872222222222222
"spokes samuel",2015,26,0.268686868686869
"spreafico matteo",2017,104,0
"sprengers thomas",2013,149,0.04
"stacchiotti riccardo",2015,253,0.25
"stallaert joeri",2011,286,1.25
"stamsnijder tom",2007,324,0.7
"staniszewski daniel",2016,0,0
"stannard ian",2008,118,0.0666666666666667
"stannard robert",2019,325,0.771428571428571
"stash mamyr",2015,132,0
"stauff andreas",2010,165,0
"steels stijn",2013,67,0.25
"steensen andré",2008,16,0.438095238095238
"stepniak grzegorz",2013,72,0
"sterbini luca",2015,0,0
"sterbini simone",2015,50,0.180555555555556
"stetina peter",2007,28,0
"stevens timothy",2010,0,0
"stewart jake",2020,120,0.558080808080808
"stewart scott",2011,2,0
"stojnic veljko",2020,43,0.0666666666666667
"stokbro andreas",2019,95,0.35
"storer michael",2018,261,0.934523809523809
"stortoni simone",2009,151,1.86111111111111
"stosz patryk",2015,3,0
"strakhov dmitry",2019,68,0.1
"striska mindaugas",2008,0,0
"stroetinga wim",2009,146,0
"stüssi colin",2016,242,0.0714285714285714
"stuyven jasper",2014,360,0.536111111111111
"suarez camilo andres",2011,5,0
"sulzberger bernard",2007,62,0
"sulzberger wesley",2009,438,0.7
"summerhill daniel",2013,65,0.2
"sunderland dylan",2020,39,1
"suray gil",2007,46,0.416666666666667
"sureda jaume",2019,50,0
"suter joel",2020,36,0.2
"sütterlin jasha",2014,169,0.59984126984127
"sveshnikov kirill",2016,13,0.25
"sweeny harry",2021,NA,0.333333333333333
"swift ben",2009,487,1.08928571428571
"taaramäe rein",2008,640,0.305555555555556
"taborre fabio",2008,97,0.5
"talansky andrew",2011,902,0.6
"taliani alessio",2014,100,0.729166666666667
"taminiaux lionel",2019,348,0.242857142857143
"tatarinov gennadiy",2013,4,0.357539682539683
"tejada harold",2020,58,0
"teklehaimanot daniel",2012,239,0.111111111111111
"tenbrock jonas",2016,0,0.25
"terpstra niki",2007,411,0
"tesfatsion natnael",2021,NA,0.125
"testi nicola",2014,16,0.5
"teunissen mike",2015,336,0.958333333333333
"teuns dylan",2015,428,0.484126984126984
"tewelde jani",2013,11,0
"thalmann roland",2016,66,0.166666666666667
"theuns edward",2014,1150,0.791666666666667
"thevenot guillaume",2015,10,0.0625
"thire jonathan",2007,38,0
"thomas benjamin",2018,149,0
"thomas geraint",2007,68,0
"thurau björn",2008,80,0.166666666666667
"thwaites scott",2013,217,0
"tiller rasmus",2019,77,0.0714285714285714
"timmer albert",2007,107,0
"timmermans justin",2019,12,0
"toffali nicola",2016,137,0
"tolhoek antwan",2016,157,0
"tolleson taylor",2007,16,0
"tomei francesco",2007,19,0
"tomio giacomo",2016,0,0.25
"tonelli alessandro",2015,37,0.1
"tortelier etienne",2012,11,0.25
"touzé damien",2019,227,0.558333333333333
"trafelet stefan",2008,16,0.166666666666667
"trainini tomas",2021,NA,0.125
"tratnik jan",2011,9,0.125
"trentin matteo",2012,421,0.8
"trofimov yuri",2008,731,0
"troia oliviero",2017,105,0.485714285714286
"trosino mirko",2016,109,0.125
"tsatevich alexey",2012,427,0.667460317460317
"tulett ben",2020,42,0
"tulik angélo",2012,100,0.166666666666667
"turek daniel",2017,117,0
"turgis anthony",2015,555,0.416666666666667
"turgot sébastien",2008,342,1.16666666666667
"tusveld martijn",2017,162,0.445833333333333
"ulissi diego",2010,671,0.75
"urbano carmelo",2020,NA,0
"vacek karel",2019,4,0.797619047619048
"vacek mathias",2021,NA,0.142857142857143
"vahtra norman",2020,20,0
"vakoc petr",2014,471,0.825
"valgren michael",2014,590,0.655714285714286
"vallée boris",2014,327,0.19047619047619
"valls rafael",2010,303,0.5
"valognes quentin",2017,0,0
"valter attila",2020,233,0.65
"van aert wout",2017,1013,0.2
"van amerongen thijs",2009,0,0
"van asbroeck tom",2012,434,0
"van avermaet greg",2007,1714,0.678571428571429
"van baarle dylan",2014,579,1.04444444444444
"van den berg julius",2019,61,0.327380952380952
"van den berg lars",2021,NA,0.583333333333333
"van den bossche fabio",2020,17,0.166666666666667
"van den haute tom",2010,0,0
"van der haar lars",2015,31,0
"van der hoorn taco",2017,720,0
"van der lijke nick",2014,227,0.6
"van der poel mathieu",2019,2446,0.45
"van der sande tosh",2012,168,1.10595238095238
"van der tuuk danny",2021,NA,0
"van der velde ricardo",2009,43,0
"van elzakker wout",2021,NA,0
"van emden jos",2009,403,1.19047619047619
"van empel etienne",2015,21,0
"van garderen tejay",2010,990,0.864285714285714
"van gestel dries",2016,233,0.316666666666667
"van gils maxim",2021,NA,0.433333333333333
"van ginneken sjoerd",2015,81,0
"van goethem brian",2015,49,1
"van gompel mathias",2018,52,0.0857142857142857
"van hoecke gijs",2012,143,0.266666666666667
"van hooydonck nathan",2018,240,0.823463203463203
"van keirsbulck guillaume",2011,303,0.444444444444444
"van lerberghe bert",2015,362,0.651190476190476
"van meirhaeghe jef",2015,31,0.266666666666667
"van melsen kévin",2011,15,0
"van poppel boy",2011,248,0.08
"van poppel danny",2013,726,0.7
"van poucke aaron",2019,56,0.333333333333333
"van rooy kenneth",2016,13,0.45
"van schip jan-willem",2018,391,0
"van staeyen michael",2010,530,0
"van vooren steven",2010,98,0
"van wilder ilan",2020,26,0.813203463203463
"van winden dennis",2010,165,0.583333333333333
"van zandbeek ronan",2011,130,0.719047619047619
"van zyl johann",2013,24,0
"vanbilsen kenneth",2013,418,0.866666666666667
"vandenbergh stijn",2007,217,0
"vanderaerden michaël",2007,80,0.166666666666667
"vanderaerden michaël",2007,80,0.166666666666667
"vandewalle kristof",2008,56,0.333333333333333
"vandousselaere sven",2011,126,1.11428571428571
"vanendert dennis",2012,145,0
"vanendert jelle",2007,193,0.5
"vanherck pieter",2013,0,0
"vanhoof ward",2021,NA,0.816666666666667
"vanhoucke harm",2019,195,0.35
"vanmarcke sep",2010,458,1.0952380952381
"vanoverberghe arthur",2012,37,0.0666666666666667
"vansevenant mauri",2020,20,0.733333333333333
"vanspeybrouck pieter",2008,95,0.591666666666667
"vantomme maxime",2008,118,0.5
"veelers tom",2008,432,1.09722222222222
"veilleux david",2011,352,0.25
"velasco simone",2016,63,0.772222222222222
"velits martin",2008,263,0.1
"velits peter",2008,791,0.5
"vendrame andrea",2017,348,0.900793650793651
"venner quentin",2021,NA,0
"venter jaco",2011,35,0.1
"venturini clément",2014,155,0
"vergaerde otto",2014,1,0.25
"verhelst louis",2014,84,0.433333333333333
"vermaerke kevin",2019,80,0.916666666666667
"vermeersch florian",2020,185,0.25
"vermeltfoort coen",2011,19,0.632142857142857
"vermeulen alexey",2016,153,0.35
"vermote julien",2011,237,0.544047619047619
"vernaeckt thomas",2011,41,0
"verona carlos",2013,166,0.5
"verschaeve viktor",2021,NA,0.25
"vervaeke louis",2015,138,0.958333333333333
"vervloesem xandres",2021,NA,0.711309523809524
"verwilst aaron",2018,52,0.458333333333333
"vichot arthur",2010,483,0
"viejo josé daniel",2019,5,0
"viel mattia",2019,0,0
"viennet emilien",2013,25,0
"villa romain",2008,35,0.333333333333333
"villegas juan pablo",2011,16,0
"villella davide",2014,323,0.877272727272727
"vincent léo",2017,99,0.416666666666667
"vingegaard jonas",2019,419,0.2
"vinther troels rønning",2007,34,0.3125
"viviani elia",2011,1194,0.325
"vlasov aleksandr",2018,665,0.632683982683983
"vliegen loïc",2016,405,1.16130952380952
"vorobyev anton",2013,148,0.55
"voss paul",2009,258,0.333333333333333
"wackermann luca",2013,69,0.604166666666667
"wærenskjold søren",2021,NA,0.242857142857143
"wærsted syver",2020,13,0.0555555555555556
"waeytens zico",2012,115,0.2
"walker johnnie",2010,160,0.125
"walker william",2007,155,0.25
"wallays jelle",2011,205,0.347222222222222
"wallays jens",2015,0,0.142857142857143
"wallin rasmus bøgh",2019,19,0.666666666666667
"walscheid max",2016,384,0.75
"wandahl frederik",2021,NA,0.416666666666667
"warbasse larry",2013,101,0.447222222222222
"warlop jordi",2018,193,0.570833333333333
"warnier antoine",2017,64,0.361111111111111
"watson calvin",2014,46,0.430555555555556
"wauters willem",2013,37,0
"weemaes sasha",2019,86,0.2
"wellens tim",2013,888,0.783333333333333
"welten bram",2018,356,0.353968253968254
"whelan james",2019,67,0.5
"willems thimo",2019,18,0.0333333333333333
"williams stephen",2019,5,0.5
"williams tyler",2017,36,0.0476190476190476
"windsor dean",2007,4,0
"wippert wouter",2014,460,0.241666666666667
"wirtgen tom",2019,61,0.319444444444444
"wisniowski lukasz",2015,252,0.5
"wolf michael henry",2007,0,0
"wouters enzo",2017,39,0.336904761904762
"würtz schmidt mads",2017,304,0.7
"wyss danilo",2008,116,0.525
"wyss marcel",2009,187,0.725
"yamamoto genki",2015,44,0
"yates adam",2014,1292,0.142857142857143
"yates simon",2014,751,0.333333333333333
"yechezkel aviv",2017,8,0
"zabel rick",2014,213,0.439393939393939
"zaccanti filippo",2018,179,0.266666666666667
"zakarin aydar",2016,8,0
"zakarin ilnur",2013,456,1
"zampedri derik",2008,0,0.75
"zana filippo",2020,34,0.629166666666667
"zardini edoardo",2013,470,0.583333333333333
"zeits andrey",2008,80,0.75
"zen enrico",2009,68,1
"zepuntke ruben",2015,69,0.427777777777778
"zhurkin nikolay",2012,0,0
"zielinski kamil",2010,45,0.125
"zijlaard maikel",2018,4,0.575
"zilioli gianfranco",2014,234,1.16805555555556
"zingle romain",2010,211,0.485714285714286
"zitta pavel",2009,0,0
"zoccarato samuele",2021,NA,0.166666666666667
"zordan andrea",2014,5,0.6875
"zubov matvey",2012,1,0.145833333333333
"zukowsky nickolas",2020,NA,0
"zurlo federico",2015,125,0.333333333333333
